p_val,avg_log2FC,pct.1,pct.2,p_val_adj,cluster,gene
1.59084197956979e-54,1.16316137700353,1,1,2.13443268398879e-50,0,NPFR
7.26463091442362e-22,0.690874988843377,0.051,0.38,9.74695529788217e-18,0,Vmat
3.69260675166423e-18,0.276424055740282,0.08,0.404,4.9543704787079e-14,0,Sox21b
8.51753529564524e-15,0.286515283588503,0.086,0.374,1.14279771061672e-10,0,DIP-eta
3.41157844688103e-14,0.318513057822008,0.099,0.39,4.57731480218027e-10,0,Optix
4.67537364736951e-14,0.443946812199593,0.229,0.612,6.27294882267567e-10,0,br
1.22759078208163e-13,0.335713757482977,0.064,0.31,1.64705855231892e-09,0,DIP-zeta
1.98881156321274e-13,0.350174041685545,0.166,0.513,2.66838847436253e-09,0,DIP-kappa
2.58929397899209e-13,0.629724911686227,0.099,0.377,3.47405573161369e-09,0,Dh31
1.0914631809764e-12,0.377343414461211,0.134,0.447,1.46441614991603e-08,0,Cdc42
1.38058186827678e-12,0.3578263481324,0.178,0.519,1.85232669266696e-08,0,Tbh
2.14750126562933e-12,0.536064276422279,0.191,0.556,2.88130244809487e-08,0,bab1
6.72325734407652e-12,0.290258323635466,0.207,0.578,9.02059437854746e-08,0,CG32204
7.29157865762816e-12,0.276019926234413,0.076,0.313,9.7831110849397e-08,0,Hmx
8.95889405384723e-12,0.443070147749217,0.137,0.433,1.20201481520468e-07,0,Lim3
9.54109562443092e-12,0.262692225622205,0.137,0.433,1.2801287999299e-07,0,Rgk2
1.21099427037811e-11,0.251071456310695,0.15,0.455,1.62479101256631e-07,0,Gyc88E
1.35311876563277e-11,0.318330580214092,0.194,0.543,1.81547944784949e-07,0,Dop1R2
1.60210102761292e-11,0.257595357531133,0.156,0.473,2.14953894874826e-07,0,CG8079
3.41489096302828e-11,0.406527451526675,0.962,0.963,4.58175920509504e-07,0,CG10077
4.03426509919764e-11,0.2589534233131,0.137,0.42,5.41277348359347e-07,0,CG8343
5.84736265074037e-11,0.277805360014724,0.076,0.299,7.84540646849836e-07,0,Sf3b2
5.96657211426488e-11,0.339977665875403,0.105,0.353,8.00534980570919e-07,0,CG43689
6.03609433488646e-11,0.274067095993098,0.201,0.543,8.09862776911717e-07,0,AstC-R1
7.73207826507056e-11,0.485212550629268,0.232,0.578,1.03741294082452e-06,0,sNPF
8.54048014925255e-11,0.270455010435053,0.096,0.337,1.14587622162521e-06,0,CG17802
1.41085542623552e-10,0.504988679045171,0.169,0.479,1.8929447253802e-06,0,dac
2.09642925546457e-10,0.31705931531103,0.146,0.433,2.81277913205682e-06,0,CG7518
2.34032609893195e-10,0.300024964046696,0.185,0.505,3.14001552693699e-06,0,ND-MWFE
4.65032997871723e-10,0.281169744595536,0.197,0.527,6.2393477324449e-06,0,ATPsynD
5.86446201934911e-10,0.261831822743505,0.213,0.556,7.8683486913607e-06,0,CG30122
6.03798236356387e-10,0.302671379501189,0.146,0.425,8.10116093719365e-06,0,drl
7.11960497210642e-10,0.338415624330054,0.188,0.5,9.55237399107518e-06,0,5-HT2B
7.28657107776954e-10,0.338136411602154,0.204,0.54,9.77639241504339e-06,0,unc-5
8.36865296575439e-10,0.335855935028066,0.073,0.273,1.12282216841527e-05,0,pb
1.16375151589182e-09,0.296446056426937,0.134,0.393,1.56140540887205e-05,0,CG14024
1.61033342449415e-09,0.420665008771667,0.172,0.46,2.1605843556438e-05,0,AstC-R2
2.30846768435449e-09,0.303905010299027,0.182,0.481,3.09727109209842e-05,0,lncRNA:CR45919
2.39136108047827e-09,0.333535927935782,0.172,0.463,3.20848916167769e-05,0,Vha68-1
2.71977962572679e-09,0.332313206583821,0.223,0.564,3.64912832383763e-05,0,CG43740
4.42241779049627e-09,0.257645694572378,0.096,0.307,5.93355794950885e-05,0,CG12391
4.52340623622814e-09,0.273992599182769,0.137,0.39,6.0690541471473e-05,0,Tom20
5.10433906998057e-09,0.301452153445714,0.217,0.545,6.84849173019294e-05,0,robo3
5.36999735974299e-09,0.373087675140773,0.201,0.503,7.20492545756717e-05,0,DIP-theta
5.64587036554906e-09,0.298070071372228,0.223,0.551,7.57506426945717e-05,0,DIP-gamma
5.97021207862532e-09,0.302592530317566,0.137,0.388,8.01023354589159e-05,0,CG5214
6.21888510089364e-09,0.277017127689186,0.185,0.476,8.34387813986899e-05,0,Tpst
6.80107959464679e-09,0.276858804093545,0.252,0.578,9.1250084921376e-05,0,rn
1.27368868721241e-08,0.257804410670065,0.073,0.257,0.000170890811163289,0,CG5554
1.54503972504841e-08,0.398265809770979,0.185,0.468,0.000207297979909745,0,Drl-2
1.63943102617932e-08,0.257569165210141,0.086,0.275,0.00021996246078248,0,CG15537
1.71039619957191e-08,0.473056322049084,0.411,0.73,0.000229483858096564,0,CG14989
2.13492477060986e-08,0.257135306644388,0.105,0.316,0.000286442856472725,0,Yippee
2.56583948894718e-08,0.296713459472607,0.131,0.361,0.000344258684232043,0,CG9164
3.17671349315695e-08,0.306414177208912,0.191,0.479,0.000426219649376869,0,5-HT1B
3.21766225353359e-08,0.46207315030168,0.994,1,0.000431713744556602,0,lncRNA:Hsromega
3.28158135177563e-08,0.284049305039637,0.166,0.428,0.000440289769967736,0,Zir
3.7445199462612e-08,0.334189379492093,0.223,0.535,0.000502402241189865,0,Nmdar1
3.85452168002652e-08,0.374680720219494,0.522,0.826,0.000517161173809159,0,fru
4.19118468785283e-08,0.27957663031371,0.201,0.497,0.000562331249569215,0,CG18815
6.68645902344576e-08,0.314093429085035,0.248,0.588,0.000897122207175718,0,CkIIalpha
6.81268535617919e-08,0.483685474289799,0.102,0.302,0.000914057994238562,0,CG9123
8.34701010294125e-08,0.267800277654419,0.204,0.492,0.00111991834551163,0,CG8726
8.64786240851359e-08,0.273696390257379,0.255,0.602,0.00116028369935027,0,snRNP-U1-70K
9.02363613146376e-08,0.388860552899182,0.175,0.441,0.00121070125975849,0,Cdk5alpha
1.08551399490534e-07,0.452114514123647,0.223,0.529,0.00145643412696449,0,beat-IV
1.31169386484658e-07,0.29355826504593,0.242,0.561,0.00175989965846466,0,CG10384
1.36298488799398e-07,0.483779899246254,0.102,0.294,0.00182871682422152,0,ru
1.46339976936423e-07,0.330100237902954,0.261,0.602,0.00196344347055599,0,lncRNA:CR45332
2.06381087679002e-07,0.354071860608098,0.178,0.433,0.00276901505338917,0,CG12594
2.23135055338509e-07,0.323907295045953,0.245,0.567,0.00299380303747678,0,CG34347
2.39796726626239e-07,0.312603846497514,0.178,0.433,0.00321735268114425,0,CG13300
2.83994472803945e-07,0.340950930349282,0.175,0.425,0.00381035384161053,0,CG30419
3.01845604468441e-07,0.259406782825639,0.137,0.35,0.00404986247515308,0,lncRNA:CR46348
3.64179167437943e-07,0.292101649504718,0.131,0.34,0.00488619188951488,0,CG5282
3.79644563622508e-07,0.331307167814899,0.162,0.401,0.00509369111012319,0,COX8
3.86422940817265e-07,0.302494383852998,0.229,0.529,0.00518463659694524,0,RFeSP
3.96439860959332e-07,0.292652976210388,0.124,0.329,0.00531903361449136,0,CG14641
5.56057651292834e-07,0.295087505496001,0.217,0.503,0.00746062550739595,0,Amun
7.39718625444479e-07,0.424841871309261,0.213,0.497,0.00992480479758857,0,CG13594
9.93520981702167e-07,0.254863448894913,0.271,0.591,0.013330071011498,0,betaTub56D
1.10579405079056e-06,0.301417725887319,0.29,0.636,0.014836438779457,0,CG31030
1.12944711297504e-06,0.445292401739201,0.156,0.382,0.0151537919147861,0,Dak1
1.18130088281777e-06,0.497282995785176,0.236,0.532,0.015849513944766,0,CG34393
1.18543583151935e-06,0.335256380980022,0.258,0.583,0.0159049925514951,0,stmA
1.24079741485287e-06,0.428145896242872,0.102,0.278,0.016647778915081,0,Cisd2
1.39653984467752e-06,0.314576117636426,0.248,0.548,0.0187373750960383,0,CG13995
1.54563451799418e-06,0.27772183609033,0.287,0.623,0.0207377783279279,0,beta-Spec
1.63983471650282e-06,0.252579955223257,0.28,0.612,0.0220016623913183,0,dpr19
1.98033999836084e-06,0.462478346927464,0.172,0.406,0.0265702217580074,0,CG7985
2.04998343256685e-06,0.372537614983305,0.102,0.27,0.0275046277147494,0,CG12158
2.12607246897166e-06,0.386598266127052,0.242,0.527,0.0285255143161927,0,mAChR-B
2.3223964041415e-06,0.363205053042865,0.191,0.428,0.0311595925543665,0,spab
2.37474158373275e-06,0.286594546670237,0.108,0.281,0.0318619078289423,0,tnc
2.70993219480787e-06,0.346739774800635,0.268,0.586,0.0363591602577372,0,RyR
2.78882813756024e-06,0.28782266540418,0.293,0.623,0.0374177071216457,0,CG15803
2.89078301754649e-06,0.315126944594888,0.261,0.575,0.0387856357464213,0,Dab
7.29049137549096e-91,2.31363571037586,0.881,0.095,9.78165227849622e-87,1,cv-c
4.2702709037159e-89,2.10082729017023,0.827,0.044,5.72942247151563e-85,1,how
8.01279779563512e-83,1.60081428823176,0.751,0.027,1.07507708024036e-78,1,RhoGAP18B
8.03200961748007e-83,2.1639002963952,0.794,0.054,1.0776547303773e-78,1,CG34417
4.73172995140419e-78,1.31712260698952,0.697,0.017,6.34856207579901e-74,1,Hnf4
1.74023809937543e-77,2.26322959436271,0.776,0.061,2.33487745793202e-73,1,dpy
2.35016727112933e-77,1.2531253282956,0.704,0.019,3.15321942767422e-73,1,CG8740
2.608223075458e-77,1.63922263663681,0.744,0.036,3.499452900342e-73,1,CG8312
3.90894180683313e-77,2.47721275809739,0.726,0.039,5.244627222228e-73,1,lncRNA:CR43314
5.97649156993615e-76,1.70601144899476,0.718,0.034,8.01865873938334e-72,1,CG6040
1.34341262212336e-75,1.46788702080434,0.751,0.046,1.80245671510292e-71,1,pio
4.08047481434478e-74,1.13398671848354,0.679,0.019,5.47477305840639e-70,1,Clk
6.76526984689608e-74,1.22963122418615,0.682,0.019,9.07696255358047e-70,1,grh
1.0625881783218e-72,1.17556554839257,0.646,0.012,1.42567455885436e-68,1,Ets98B
1.43010946146038e-72,1.59093869648461,0.791,0.075,1.91877786444139e-68,1,tim
2.96999751518719e-71,1.78989941852137,0.993,0.423,3.98484566612665e-67,1,Eip93F
2.37683521567885e-70,1.11010688255052,0.639,0.015,3.18899980887631e-66,1,Egfr
3.02230820104811e-69,1.48608258340303,0.69,0.034,4.05503091334625e-65,1,CG34398
1.19376788244433e-68,1.41074759198275,0.751,0.068,1.60167836787556e-64,1,Nost
1.40223065207819e-68,1.68929933708116,0.668,0.032,1.8813728658933e-64,1,fus
2.65406532766071e-68,1.0325896486924,0.733,0.056,3.56095945012238e-64,1,bru2
3.20158118075356e-68,1.56723594280513,0.798,0.095,4.29556147021705e-64,1,crb
5.10622864826571e-68,1.23246553234294,0.736,0.056,6.8510269773781e-64,1,FER
6.79067098014746e-68,1.38870833990574,0.65,0.024,9.11104325406384e-64,1,RhoGEF64C
3.1021728350951e-67,1.34888904412391,0.805,0.09,4.1621852928471e-63,1,baz
3.62043457388283e-67,1.13468132145542,0.686,0.039,4.85753706777859e-63,1,sog
2.26173271729747e-66,1.03109922159761,0.679,0.039,3.03456678679802e-62,1,ttk
5.26821587770756e-66,1.09292979746571,0.668,0.036,7.06836524312023e-62,1,foxo
8.07478745126731e-66,0.989024945035291,0.653,0.029,1.08339423233654e-61,1,N
3.3414025839026e-65,1.24664606826783,0.646,0.032,4.48315984682212e-61,1,snu
6.70868015306641e-65,1.77579037847772,0.722,0.066,9.0010361613692e-61,1,CG4928
2.4040187417845e-64,1.19330595760727,0.578,0.007,3.22547194585226e-60,1,CG3168
3.13310794475833e-63,1.15584664891784,0.805,0.1,4.20369092948226e-59,1,kibra
4.93941441359186e-63,1.70477930639145,0.838,0.139,6.6272123187162e-59,1,Gs2
9.71207252997015e-63,1.23675553713574,0.675,0.049,1.30306877134609e-58,1,Lsd-2
1.00060656233837e-62,0.841048885330302,0.625,0.027,1.34251382468939e-58,1,nahoda
1.2985015244233e-62,0.993996781807816,0.588,0.015,1.74219949531875e-58,1,ovo
7.24506854415007e-62,0.804906533492207,0.603,0.022,9.72070846568615e-58,1,if
7.6061093192192e-62,1.22469353017671,0.657,0.044,1.02051168735964e-57,1,IRSp53
8.34781387997777e-62,0.929270333779354,0.675,0.049,1.12002618827662e-57,1,jbug
1.12626806613335e-61,1.83097208333413,0.751,0.1,1.51111386433112e-57,1,trol
1.57647586259319e-61,1.18279069868279,0.585,0.017,2.11515766484128e-57,1,CG31176
1.74781782805081e-61,1.00593165437135,0.621,0.032,2.34504717989577e-57,1,IP3K2
3.79950225944166e-61,1.00929344251062,0.592,0.019,5.09779218149287e-57,1,CG8180
8.41304250187832e-61,0.772069658824458,0.588,0.019,1.12877791247701e-56,1,kst
2.68872317907401e-60,1.02566513861793,0.65,0.044,3.60745988936361e-56,1,vri
3.28363811798573e-60,0.820967757655842,0.614,0.029,4.40565726290145e-56,1,CG2841
3.31887350402275e-60,1.4751919315252,0.975,0.501,4.45293258034732e-56,1,CG9932
2.40479156344107e-59,0.808673682801007,0.628,0.036,3.22650884066888e-55,1,ogre
2.42069802690201e-59,0.727964654227134,0.563,0.015,3.24785054269443e-55,1,chas
2.70674829819269e-59,1.70719690329007,0.653,0.056,3.63164419168514e-55,1,CG34120
7.57809779594922e-59,0.905301625117991,0.567,0.017,1.01675338128251e-54,1,Tis11
1.2889399879035e-58,0.669802981117709,0.632,0.039,1.72937078177012e-54,1,Shrm
1.83421040439623e-58,1.54098948886133,0.675,0.066,2.46096009957842e-54,1,CG40006
2.74524844834775e-58,0.828460727387455,0.549,0.012,3.68329984314817e-54,1,dsx
6.10255181341199e-58,1.37309058587256,0.834,0.156,8.18779376805487e-54,1,lncRNA:CR43334
7.99730504708789e-58,1.3689038230176,0.697,0.075,1.07299841816778e-53,1,Eaat1
1.02252664678378e-57,1.69883406680742,0.635,0.051,1.3719240019898e-53,1,CG33970
2.01620545791118e-57,0.711267590992402,0.542,0.012,2.70514286287943e-53,1,Samuel
5.33198631572848e-57,0.641688855621046,0.545,0.015,7.1539260398129e-53,1,Myo10A
8.17037390509499e-57,1.4532938482387,0.585,0.032,1.0962190668466e-52,1,ELOVL
8.88222504704548e-57,0.799030392748958,0.567,0.022,1.19172813456209e-52,1,CG12065
1.51627827735714e-56,0.922976360178228,0.513,0.005,2.03439056473008e-52,1,qsm
6.01159235357107e-56,0.88684595268171,0.596,0.034,8.0657534607863e-52,1,pnt
7.71589795263204e-56,0.974180403281898,0.621,0.044,1.03524202830464e-51,1,h
1.06219011910841e-55,0.991017803436777,0.52,0.01,1.42514048280776e-51,1,CG15673
2.18566739010236e-55,0.68535750327212,0.527,0.012,2.93250993730033e-51,1,for
2.91988364115205e-55,0.751221706938581,0.556,0.022,3.91760788133371e-51,1,CG12814
3.04384760651776e-55,0.695211002038957,0.585,0.032,4.08393033366487e-51,1,CG14275
3.86056348886372e-55,0.424731886339138,0.527,0.012,5.17971803300845e-51,1,olf186-M
1.20762262001692e-54,0.901869634865383,0.549,0.022,1.62026726927671e-50,1,Best2
1.59214794278104e-54,0.91541769459418,0.643,0.056,2.13618489482932e-50,1,CG43340
3.55780851249749e-54,1.11516969769602,0.765,0.114,4.77351168121789e-50,1,Sarm
4.10762729879149e-54,0.997089961467911,0.664,0.068,5.51120354678855e-50,1,CAH1
5.67893949693897e-54,0.799455176372672,0.574,0.032,7.61943312304301e-50,1,CrebA
7.71540180916451e-54,1.0217380152255,0.531,0.017,1.0351754607356e-49,1,GV1
1.13538422829433e-53,0.974789656820836,0.729,0.092,1.52334501910251e-49,1,Lmpt
1.82587973047553e-53,1.03386369273291,0.542,0.022,2.44978283437902e-49,1,Mmp1
2.8707696146303e-53,0.824630737996036,0.65,0.061,3.85171159194947e-49,1,CG30460
3.02109583879307e-53,0.872978299144564,0.639,0.058,4.05340428690867e-49,1,AnxB9
4.87688756650826e-53,0.581560894107303,0.502,0.01,6.54332004798413e-49,1,Hil
6.0212050315783e-53,0.661668410565745,0.523,0.017,8.0786507908686e-49,1,blot
9.02460959589191e-53,0.64544175935418,0.509,0.012,1.21083186948082e-48,1,Tie
1.20264225832255e-52,0.65976959379101,0.52,0.017,1.61358511799137e-48,1,CG42327
1.43284348558086e-52,0.703580044781159,0.527,0.019,1.92244610460385e-48,1,zormin
1.43620889970988e-52,0.797302643692319,0.549,0.027,1.92696148074075e-48,1,pyr
2.11382711770837e-52,0.837126407858721,0.513,0.015,2.83612184382931e-48,1,fng
2.23842554231201e-52,1.10776030671553,0.61,0.054,3.00329555012002e-48,1,CG6409
2.99382501311846e-52,1.48196532405574,0.816,0.178,4.01681502010104e-48,1,5-HT2A
3.19475031540912e-52,0.832438452526993,0.664,0.073,4.28639649818442e-48,1,CG5953
3.82251519485384e-52,0.635998359785512,0.549,0.027,5.12866863693539e-48,1,Rac2
6.40384862623153e-52,0.812005073130022,0.614,0.051,8.59204370181485e-48,1,sv
6.50511328191375e-52,0.588006731514412,0.574,0.036,8.72791049034368e-48,1,CG30069
7.29701426642433e-52,0.576035799380897,0.502,0.012,9.79040404126153e-48,1,pain
9.03380780427179e-52,0.619056949803606,0.578,0.039,1.21206599309915e-47,1,CG9628
1.23085571942211e-51,0.529835012995634,0.484,0.007,1.65143911874864e-47,1,Tab2
1.23459433797078e-51,0.679360486135344,0.61,0.051,1.65645522325539e-47,1,cv-2
2.45675353523692e-51,0.537511543100349,0.563,0.034,3.29622621822737e-47,1,pst
3.19886295896868e-51,0.615895742022811,0.513,0.017,4.29191443204827e-47,1,Reg-5
3.4208847870997e-51,0.656899047294473,0.545,0.029,4.58980111885167e-47,1,pdgy
4.95675672964839e-51,0.667609499584999,0.487,0.01,6.65048050416924e-47,1,Myd88
5.24869392064005e-51,0.704011276244435,0.679,0.078,7.04217263332276e-47,1,MESR3
9.18937513207805e-51,0.766347895217892,0.664,0.075,1.23293846147091e-46,1,bnb
1.36850280291449e-50,0.716048540396918,0.588,0.046,1.83612021067037e-46,1,whd
1.50608195261724e-50,0.667357575448678,0.491,0.012,2.02071015582655e-46,1,AdamTS-B
1.66563873688004e-50,0.58515090432106,0.592,0.049,2.23478749327196e-46,1,Fhos
1.89812853727777e-50,1.31545898925153,0.726,0.117,2.54671905846559e-46,1,vir-1
2.16553771895663e-50,0.61716055287071,0.527,0.024,2.90550195752411e-46,1,CG10311
2.20997000326942e-50,0.503837073993991,0.498,0.015,2.96511675338658e-46,1,aru
6.31681120721073e-50,2.11896544560011,0.542,0.034,8.47526559671464e-46,1,sls
1.19477495889004e-49,0.52317501837213,0.531,0.027,1.60302956234276e-45,1,dl
2.00683603152435e-49,0.464573629939295,0.542,0.032,2.69257190349622e-45,1,CG3164
2.2170536760472e-49,0.804991233370004,0.996,0.883,2.97462091715253e-45,1,Pdp1
2.30585088789002e-49,1.06664465645814,0.596,0.056,3.09376013628203e-45,1,Rab32
2.38319975810564e-49,1.13437294110691,0.491,0.017,3.19753911545034e-45,1,retn
2.4452307328284e-49,0.642383923554767,0.61,0.056,3.28076607423586e-45,1,Dif
2.48298628446604e-49,0.921494777916952,0.704,0.102,3.33142269786808e-45,1,Pino
3.27785911144251e-49,0.696461665552208,0.646,0.073,4.39790356982241e-45,1,GstD1
3.57186336406974e-49,0.616271094434945,0.531,0.029,4.79236907557237e-45,1,eya
3.86077551021853e-49,0.673621410163295,0.523,0.027,5.1800025020602e-45,1,ClC-a
4.08013743292124e-49,0.747636251470382,0.523,0.027,5.47432039375043e-45,1,Thor
4.84869696359944e-49,0.690955717251047,0.531,0.029,6.50549671606137e-45,1,bdl
9.24817183743689e-49,0.711093632956851,0.484,0.015,1.24082721542891e-44,1,T48
1.06308594289023e-48,0.466928651376414,0.484,0.015,1.42634240957582e-44,1,CG6701
1.27515409885081e-48,0.728233309374738,0.513,0.024,1.71087425442813e-44,1,gl
1.6245971402339e-48,0.640092761963701,0.534,0.032,2.17972198305182e-44,1,CG11073
1.64278121861745e-48,0.575030926567367,0.491,0.017,2.20411956101904e-44,1,CG12581
1.86477224771272e-48,0.725530367049665,0.578,0.049,2.50196492475616e-44,1,Gbs-70E
2.43366723686484e-48,0.652451922479288,0.675,0.085,3.26525133170156e-44,1,myo
4.25035573203615e-48,0.477580551096438,0.578,0.049,5.7027022856729e-44,1,CG11791
5.21519056821659e-48,0.918205143101771,0.827,0.17,6.9972211853762e-44,1,Eip74EF
6.12665378633572e-48,0.508371941830848,0.448,0.005,8.22013138512664e-44,1,ken
8.42846483316127e-48,0.637038553571955,0.646,0.075,1.13084712666525e-43,1,be
8.52515415791238e-48,0.524797700286431,0.462,0.01,1.1438199333671e-43,1,CG6398
9.68918431692058e-48,0.487928395739255,0.596,0.056,1.29999785980123e-43,1,fray
1.40128398762667e-47,0.63580058320574,0.552,0.041,1.8801027261987e-43,1,sprt
1.52472298908356e-47,0.659689719518866,0.498,0.022,2.04572083445342e-43,1,CG32365
1.69553379588415e-47,0.496299903310515,0.444,0.005,2.27489769393777e-43,1,PGRP-LC
1.91072115124696e-47,0.691281870745705,0.671,0.09,2.56361456862805e-43,1,Pvr
2.55946323789269e-47,0.636968176004573,0.588,0.056,3.43403182628063e-43,1,stw
2.85193947276734e-47,0.72091790195616,0.473,0.015,3.82644719061194e-43,1,Tsp74F
3.16022430839194e-47,0.618645808365904,0.502,0.024,4.24007295456947e-43,1,CG8034
3.63732684745493e-47,0.349985682772318,0.581,0.051,4.88020143123028e-43,1,ey
3.9960639596049e-47,0.73351611478941,0.498,0.024,5.3615190146019e-43,1,Vinc
5.12501973860603e-47,0.776957103984974,0.61,0.066,6.87623898328771e-43,1,form3
7.12393487566791e-47,0.642031890654709,0.491,0.022,9.55818342268364e-43,1,CG31869
8.29198566268753e-47,0.519351222547696,0.462,0.012,1.11253571636279e-42,1,wdp
9.27452111550404e-47,0.914759753064352,0.451,0.01,1.24436249806718e-42,1,CG17005
1.11763343196443e-46,0.573454409136924,0.484,0.019,1.49952877566668e-42,1,SP1173
1.17248328189041e-46,0.480106043681989,0.563,0.046,1.57312081931236e-42,1,Dll
1.70468564474412e-46,0.660828809781327,0.617,0.071,2.28717672955319e-42,1,Tsp42Ea
1.73294514693797e-46,0.567146609902248,0.444,0.007,2.32509250364668e-42,1,CG17834
2.42957958052262e-46,1.34736159712436,0.455,0.012,3.2597669231872e-42,1,lncRNA:CR45456
6.54529220289444e-46,0.500107574452368,0.534,0.039,8.78181854862347e-42,1,CG33978
8.68717645891785e-46,0.776332761267161,0.516,0.034,1.16555846549301e-41,1,mfas
9.66162323148555e-46,0.550090316795506,0.43,0.005,1.29629998896842e-41,1,rols
1.15527091494801e-45,1.17241257210725,0.682,0.112,1.55002698658574e-41,1,CG5973
1.9385661483771e-45,0.460891927260091,0.567,0.051,2.60097420127755e-41,1,Gp150
2.04410391736448e-45,0.77715928675652,0.487,0.024,2.74257422592792e-41,1,CG31689
2.53616893625086e-45,0.813673301692747,0.419,0.002,3.40277786176778e-41,1,lncRNA:CR45457
3.17737370678443e-45,0.529674484487094,0.502,0.029,4.26308230239267e-41,1,DCX-EMAP
3.92976137571817e-45,0.564546483702563,0.697,0.105,5.27256083780107e-41,1,Atf3
6.55760305733172e-45,0.56432415739437,0.415,0.002,8.79833602202197e-41,1,Ncc69
6.89965090762104e-45,0.742338075762214,0.415,0.002,9.25726162275515e-41,1,CG7084
7.32527528037778e-45,0.456763959199304,0.599,0.066,9.82832184368287e-41,1,Esyt2
1.67925710564894e-44,0.448553728740717,0.563,0.054,2.25305925864918e-40,1,Aldh
1.68414302247265e-44,1.10556998289818,0.924,0.292,2.25961469325155e-40,1,Xrp1
1.91420879236527e-44,0.938376705200883,0.884,0.234,2.56829393671649e-40,1,Moe
2.30293433160171e-44,0.418461317901201,0.466,0.019,3.08984699271001e-40,1,pk
2.54095405706439e-44,0.535364196265929,0.419,0.005,3.4091980583633e-40,1,lama
3.04292179333618e-44,0.614383026340407,0.556,0.054,4.08268817011915e-40,1,BomT3
4.00999539737492e-44,0.527164713444615,0.455,0.017,5.38021082465793e-40,1,CG14830
4.65682038188119e-44,0.649161592602006,0.527,0.044,6.24805590636999e-40,1,vn
4.75352216886289e-44,0.786128519121355,0.487,0.029,6.37780069396334e-40,1,Strn-Mlck
4.95779345889947e-44,0.438984240836195,0.531,0.044,6.65187148380542e-40,1,CG30197
8.90897894400127e-44,0.610228465115956,0.617,0.08,1.19531770491665e-39,1,Drgx
9.48609334073081e-44,0.52824426115889,0.509,0.036,1.27274914352585e-39,1,ITP
1.0147270988175e-43,0.48661010840518,0.437,0.012,1.36145934848344e-39,1,Ldsdh1
1.18159553265521e-43,0.578748688371091,0.473,0.024,1.5853467261635e-39,1,lncRNA:CR31044
1.30442005306821e-43,0.455051584689035,0.451,0.017,1.75014038520161e-39,1,Galphai
1.33923806113618e-43,0.660670290186897,0.661,0.097,1.79685570662641e-39,1,dnr1
1.41368863536258e-43,0.474710657848318,0.635,0.083,1.89674604206597e-39,1,CG5455
1.43109200295345e-43,0.742751343184736,0.708,0.119,1.92009614036264e-39,1,Pdk
1.93111455491157e-43,0.377244968123214,0.599,0.071,2.59097639832485e-39,1,cbt
2.06021034147186e-43,0.453696024797158,0.419,0.007,2.76418421515279e-39,1,CG8547
2.32551037522518e-43,1.00225087796805,0.913,0.287,3.12013727043962e-39,1,cnc
2.88874127523695e-43,0.777581204872013,0.437,0.015,3.87582416898541e-39,1,CG32694
3.19313082430263e-43,1.44775263949351,0.747,0.163,4.28422362696684e-39,1,Pdh
3.266186284362e-43,0.392501395452798,0.599,0.071,4.3822421377285e-39,1,Pura
3.34033817259001e-43,0.396734282665469,0.498,0.034,4.48173172616401e-39,1,Sod3
3.42007762112103e-43,0.670403680303002,0.61,0.083,4.58871814425808e-39,1,CG2016
3.80150899944841e-43,1.15265529652414,0.588,0.075,5.10048462455993e-39,1,axo
4.14580819743121e-43,0.498403777331126,0.455,0.019,5.56243085849346e-39,1,alpha-Est8
4.81191070696041e-43,0.840002235605898,0.415,0.007,6.45614059552878e-39,1,wat
4.81521977817622e-43,0.526201838813394,0.462,0.022,6.46058037637903e-39,1,Zasp52
6.8991323200438e-43,1.10225002680303,0.563,0.063,9.25656583380277e-39,1,Mf
1.12234432771112e-42,1.12963698218151,0.859,0.28,1.50584938449001e-38,1,CG31324
1.39374308948082e-42,0.59298557757995,0.693,0.117,1.86998510315641e-38,1,Tgi
2.43222472624844e-42,0.614054390443247,0.617,0.085,3.26331591520754e-38,1,hoe1
3.30699132234961e-42,0.439544628434306,0.513,0.041,4.43699025719647e-38,1,mbc
5.00447374198633e-42,0.617815721303907,0.614,0.083,6.71450241962305e-38,1,Gmap
6.46929539379912e-42,0.37343763537174,0.415,0.01,8.67985362986028e-38,1,goe
6.77586247246171e-42,0.472907231393996,0.451,0.022,9.09117467930187e-38,1,Picot
8.11683484816059e-42,0.305154120350736,0.516,0.044,1.08903573157771e-37,1,shg
9.5113494067453e-42,0.457465590411385,0.451,0.022,1.27613774990302e-37,1,l(2)gl
1.0858588916678e-41,0.40868892739865,0.534,0.051,1.45689687495069e-37,1,zfh1
1.40159539959426e-41,0.470416488818823,0.657,0.1,1.88052054763561e-37,1,PRAS40
1.70238587436312e-41,0.538807092363288,0.448,0.022,2.284091127633e-37,1,per
2.25125195493201e-41,0.380989467145331,0.426,0.015,3.02050474793227e-37,1,ci
2.78337111689617e-41,0.943996917000576,0.819,0.209,3.7344490275396e-37,1,Msr-110
3.05618058462701e-41,0.343103937882814,0.394,0.005,4.10047749039405e-37,1,bowl
3.98657001815509e-41,0.659096436108812,0.509,0.046,5.34878099335868e-37,1,CG11147
4.77718507079519e-41,0.584368236057679,0.415,0.012,6.4095492094859e-37,1,CG5888
5.73692388515635e-41,0.543043946128346,0.473,0.032,7.69723077671428e-37,1,CG17549
5.91188149134169e-41,0.842367903578502,0.523,0.054,7.93197139693314e-37,1,Tret1-1
7.05863995705244e-41,0.348748744176489,0.48,0.034,9.47057723037726e-37,1,CG3529
8.68491855614098e-41,0.361969955319306,0.552,0.061,1.16525552267744e-36,1,aay
1.04668257250789e-40,0.38198935765048,0.491,0.039,1.40433400753384e-36,1,atilla
1.22723263966121e-40,0.429228317525844,0.491,0.039,1.64657803263345e-36,1,CG13631
1.26964208509014e-40,0.3946140563795,0.675,0.109,1.70347878556545e-36,1,Mlc-c
2.32221909593967e-40,0.311149836419503,0.455,0.027,3.11572136102225e-36,1,CG17739
2.67343193313948e-40,0.619536253369726,0.43,0.019,3.58694362469324e-36,1,stumps
2.73787902961234e-40,0.397211200591982,0.394,0.007,3.67341229403087e-36,1,CG31121
2.85068065579889e-40,0.427677297346624,0.542,0.058,3.82475823588537e-36,1,CG31705
3.08323755043039e-40,0.382333363823066,0.718,0.127,4.13677982141246e-36,1,Vang
3.36147509102256e-40,0.644954135124963,0.704,0.129,4.51009112962497e-36,1,GEFmeso
3.64650365242251e-40,0.333402833251113,0.588,0.075,4.89251395045528e-36,1,CG13698
4.23981484149843e-40,0.251472293340164,0.592,0.078,5.68855957283844e-36,1,Pgk
5.11878993665607e-40,0.396402164552861,0.375,0.002,6.86788045801145e-36,1,MCPH1
5.16410040228048e-40,0.323327587622319,0.437,0.022,6.92867350973972e-36,1,CG40160
5.40475382993825e-40,1.01744761369098,0.863,0.27,7.25155821362815e-36,1,cwo
6.12359400975055e-40,0.773079861435564,0.469,0.034,8.21602608288231e-36,1,ss
7.4284680466625e-40,0.711642897359931,0.412,0.015,9.96677557820708e-36,1,CG12075
7.51025249997271e-40,0.631316101956424,0.404,0.012,1.00765057792134e-35,1,tx
7.81767117945064e-40,0.460221377549109,0.39,0.007,1.04889694214689e-35,1,CG14439
8.27198088673214e-40,0.452772994438846,0.542,0.061,1.10985167557285e-35,1,mol
8.50497046604059e-40,0.462426348339816,0.397,0.01,1.14111188742867e-35,1,CG3328
9.61653671198788e-40,0.41242982949269,0.581,0.075,1.29025073064741e-35,1,CG4404
1.10775600883663e-39,0.346901003556134,0.404,0.012,1.4862762370561e-35,1,Vdup1
1.19389804520481e-39,0.338557765188173,0.531,0.056,1.6018530072513e-35,1,His3.3A
1.30693643112928e-39,0.433755325021767,0.412,0.015,1.75351660964615e-35,1,CG10237
1.42597495910859e-39,0.291005186020527,0.484,0.039,1.913230602636e-35,1,S6KL
1.73908071220083e-39,0.302249511388676,0.531,0.056,2.33332459155985e-35,1,bmm
1.90337946724651e-39,0.450729697054224,0.585,0.078,2.55376423120465e-35,1,CG13124
2.20656608044054e-39,0.779021358698808,0.444,0.027,2.96054971012708e-35,1,CG43693
2.29861044988117e-39,0.357518926692234,0.386,0.007,3.08404564060557e-35,1,ninaB
2.59283321088062e-39,0.538876356354952,0.513,0.051,3.47880431903853e-35,1,Snp
2.68313369003717e-39,0.34073375924112,0.578,0.075,3.59996047192286e-35,1,CG31523
2.86078821503206e-39,0.266909134059018,0.52,0.054,3.83831954810851e-35,1,hid
3.51183755869197e-39,0.300123108878301,0.505,0.049,4.71183245249701e-35,1,CG32428
4.04418199566099e-39,0.349250322978213,0.451,0.029,5.42607898357834e-35,1,RhoU
5.01063495665725e-39,0.293628458177719,0.458,0.032,6.72276892134703e-35,1,ced-6
5.08903346737285e-39,0.606544095448096,0.419,0.019,6.82795620317415e-35,1,CG33110
5.82013036088689e-39,0.365998956927854,0.477,0.039,7.80886890520194e-35,1,bnl
6.47174295887956e-39,0.466385910828802,0.39,0.01,8.6831375279287e-35,1,loco
6.57008584361204e-39,0.449805824133473,0.397,0.012,8.81508417637428e-35,1,CG4374
7.57347631245859e-39,0.475139799166813,0.357,0,1.01613331684257e-34,1,dpp
7.67966324979631e-39,0.634315456463697,0.65,0.109,1.03038041822517e-34,1,CG1561
9.58263969979641e-39,0.878318535795046,0.819,0.217,1.28570276852168e-34,1,Pkn
1.00240798226082e-38,0.361439974056205,0.426,0.022,1.34493078979934e-34,1,a
1.05269431633494e-38,0.431768650280917,0.679,0.119,1.41239996422659e-34,1,CG11050
1.17642827093799e-38,0.491863864772848,0.372,0.005,1.57841381111751e-34,1,lncRNA:CR43650
1.21553193178462e-38,0.331098300964233,0.372,0.005,1.63087919287543e-34,1,CG6175
1.40458350847481e-38,0.588286938130547,0.664,0.117,1.88452969332065e-34,1,CAP
1.50728288643619e-38,0.357083231616646,0.664,0.114,2.02232144873143e-34,1,Exn
1.71218222699362e-38,0.489855277381796,0.545,0.066,2.29723489395734e-34,1,chp
1.72815879441526e-38,0.957014634077011,0.675,0.141,2.31867065446695e-34,1,trp
1.85691974676233e-38,0.455775053453835,0.386,0.01,2.49142922423101e-34,1,Crg-1
2.17870240341616e-38,0.348265825475766,0.458,0.034,2.92316501466346e-34,1,Swim
2.19699793567961e-38,0.519241990353815,0.437,0.027,2.94771213030133e-34,1,CG4829
3.13386065469634e-38,0.341404712669823,0.451,0.032,4.20470084040608e-34,1,CG31710
3.15553477084148e-38,0.444851395541545,0.596,0.088,4.23378100203801e-34,1,Sirup
3.16543488236443e-38,0.591046377239237,0.433,0.027,4.24706398166835e-34,1,santa-maria
3.26993457948776e-38,0.561859081723201,0.798,0.185,4.38727122529873e-34,1,bif
3.29938895123892e-38,0.389970445791535,0.368,0.005,4.42679015587726e-34,1,Cad99C
3.77149991347042e-38,0.484274032335594,0.679,0.124,5.06022143390326e-34,1,Ac13E
6.03912718764399e-38,0.359071899488585,0.39,0.012,8.10269694766194e-34,1,rdhB
7.09071046490144e-38,0.568285848614269,0.722,0.148,9.51360623075826e-34,1,fabp
7.15946055864154e-38,2.07298918453954,0.751,0.268,9.60584823152936e-34,1,trpl
1.02065861741997e-37,0.372486952888089,0.646,0.107,1.36941766699238e-33,1,CG31038
1.12272600377406e-37,0.381305428539831,0.372,0.007,1.50636147926365e-33,1,CG5346
1.15627417024617e-37,0.507184264590385,0.379,0.01,1.55137305421928e-33,1,Fs
1.3130370247955e-37,0.326422909310095,0.588,0.085,1.76170177616812e-33,1,spin
1.39686122926939e-37,0.4069143188822,0.498,0.051,1.87416871131074e-33,1,Usp8
1.5493618177336e-37,0.397755914618397,0.606,0.095,2.07877875085317e-33,1,CG17646
1.55110080676882e-37,0.285087447999133,0.386,0.012,2.08111195244172e-33,1,CG10939
1.59997521628753e-37,0.441758198568438,0.394,0.015,2.14668674769298e-33,1,MFS14
2.02424547235916e-37,1.00761452692926,0.924,0.319,2.71593015026429e-33,1,Fas3
2.11411989494764e-37,0.409464233597382,0.617,0.102,2.83651466305125e-33,1,SiaT
2.48981388508811e-37,0.413351706409559,0.736,0.148,3.34058328962272e-33,1,Gclc
2.71329046735873e-37,0.747092934107184,0.552,0.078,3.64042182005521e-33,1,rtp
3.1653573759935e-37,1.13797509628962,0.426,0.029,4.24695999137048e-33,1,bt
3.43584877338362e-37,0.902476335989266,0.982,0.672,4.60987829924881e-33,1,Wdr62
3.58793585481984e-37,0.275629591894064,0.375,0.01,4.81393353641178e-33,1,CG8468
3.73197629441215e-37,0.396346203936819,0.383,0.012,5.00719259421278e-33,1,CG34325
3.7584920949612e-37,0.420234281774273,0.39,0.015,5.04276884380945e-33,1,ec
4.13207336866746e-37,0.339384927119616,0.502,0.054,5.54400283874113e-33,1,mav
4.23552696534304e-37,0.25095974693392,0.542,0.068,5.68280652940076e-33,1,GstE12
5.27673519600104e-37,0.806466336139872,0.827,0.221,7.0797956124746e-33,1,fok
6.43214515620619e-37,0.298543857050006,0.552,0.073,8.63000915608184e-33,1,ds
6.92130783320414e-37,0.280249303423906,0.357,0.005,9.28631871980999e-33,1,betaTub97EF
7.32551500145541e-37,0.431478224453901,0.365,0.007,9.82864347745272e-33,1,Sox14
9.20253555967104e-37,0.595615442238268,0.513,0.061,1.23470419604106e-32,1,rho
9.43660846033167e-37,0.487350513056515,0.502,0.056,1.2661097571227e-32,1,Gbeta76C
9.61851246763415e-37,0.337949819442464,0.437,0.032,1.29051581778247e-32,1,UGP
1.05069231766474e-36,0.370760427826486,0.614,0.1,1.40971388261078e-32,1,CG32549
1.0723986872196e-36,0.448102361870176,0.661,0.119,1.43883731864254e-32,1,nrv2
1.18709702672331e-36,0.304688459734347,0.653,0.114,1.59272808075467e-32,1,oys
1.21328419477007e-36,0.413036322805245,0.394,0.017,1.627863404123e-32,1,klu
1.2576264773796e-36,0.501170839628555,0.401,0.019,1.68735744470021e-32,1,NAAT1
1.39123692553559e-36,0.564590290132891,0.502,0.056,1.8666225829911e-32,1,Mlc2
1.43273099512008e-36,0.377602523284604,0.469,0.044,1.92229517615261e-32,1,Gyg
1.5407956771705e-36,0.296110330345133,0.603,0.095,2.06728556005967e-32,1,Akt1
1.67161165678126e-36,0.359082023995799,0.354,0.005,2.24280135990341e-32,1,lncRNA:CR33963
1.93572941794481e-36,0.541070272053892,0.383,0.015,2.59716816005655e-32,1,CG17211
2.32624768593979e-36,0.327651685116109,0.585,0.088,3.12112652022541e-32,1,CG14207
2.4974995941885e-36,0.342074303798656,0.426,0.029,3.35089520552271e-32,1,CG15186
2.79447796244811e-36,0.737603851202234,0.336,0,3.74935108221664e-32,1,Irk1
2.88985069664134e-36,0.403386921791782,0.404,0.022,3.87731267968368e-32,1,aos
3.50174806320588e-36,0.274309159637163,0.44,0.034,4.69829537640333e-32,1,nrv1
4.04522112399418e-36,1.57390701127449,0.69,0.19,5.42747318206299e-32,1,l(2)41Ab
4.3804275551768e-36,0.456643876969016,0.646,0.117,5.87721965078072e-32,1,Rim2
4.49020852545265e-36,0.783293794830754,0.44,0.036,6.02451277859983e-32,1,CG1552
4.85112148904309e-36,0.286678626723625,0.614,0.1,6.50874970184911e-32,1,CG4297
5.19812202067548e-36,0.45872891034752,0.437,0.034,6.97432031514029e-32,1,CG9812
6.0991728700612e-36,0.494038341577729,0.365,0.01,8.18326023976112e-32,1,Cyp4g15
6.21165053904434e-36,0.557655894062675,0.408,0.024,8.33417152823578e-32,1,CG3036
7.07932785521273e-36,0.340464391099144,0.502,0.058,9.49833418333892e-32,1,lncRNA:CR44833
7.51215551142145e-36,0.35022572156763,0.462,0.044,1.00790590496742e-31,1,CG42598
8.13911992611401e-36,0.561766032914469,0.505,0.061,1.09202572048672e-31,1,CG8745
8.84629871200099e-36,0.311750308506817,0.408,0.024,1.18690789818917e-31,1,CarT
8.9665036220904e-36,0.329847799396677,0.581,0.09,1.20303579097587e-31,1,foi
9.77363607794758e-36,0.425689860193351,0.57,0.085,1.31132875257823e-31,1,CG9336
1.04641033645665e-35,0.959017340678573,0.628,0.124,1.40396874842388e-31,1,retinin
1.15598057312897e-35,0.383842400257938,0.347,0.005,1.55097913496714e-31,1,Syx4
1.17991214659701e-35,0.638684499896368,0.769,0.202,1.5830881270892e-31,1,sano
1.19795613714171e-35,0.349472085443866,0.599,0.097,1.60729774920303e-31,1,Swip-1
1.25315173346116e-35,0.411212857308976,0.347,0.005,1.68135368078483e-31,1,IP3K1
1.27353867645557e-35,0.277498039682746,0.347,0.005,1.70870684220044e-31,1,CG7675
1.56034725343202e-35,0.309676185315087,0.426,0.032,2.09351790992974e-31,1,dbr
1.58941084587328e-35,0.318415394607557,0.628,0.109,2.13251253190818e-31,1,Usp15-31
1.85219326157857e-35,0.383272805955692,0.426,0.032,2.48508769905997e-31,1,Ugt50B3
2.01683427008515e-35,0.867184337919548,0.823,0.234,2.70598654017324e-31,1,Amph
2.4118727730981e-35,0.367620752408587,0.552,0.08,3.23600969966572e-31,1,CG31997
2.53288652804145e-35,0.383313340593866,0.458,0.044,3.39837385467321e-31,1,pr
2.54145923073344e-35,0.374421644052197,0.39,0.019,3.40987584987505e-31,1,PGRP-LA
2.79669929276591e-35,0.751841146823436,0.841,0.268,3.75233144110403e-31,1,CG43658
2.9568758335687e-35,0.281501613739661,0.531,0.071,3.96724030589912e-31,1,fdl
3.24750758889355e-35,0.368095119674105,0.599,0.1,4.35718093201848e-31,1,Tpi
3.30931477156897e-35,1.21198511728534,0.437,0.039,4.44010762901408e-31,1,Mhc
3.32938726640517e-35,0.361507410077605,0.733,0.161,4.46703889533582e-31,1,Sox102F
3.52575338916476e-35,0.350642491225304,0.693,0.139,4.73050332224236e-31,1,Ziz
3.91214051067506e-35,0.261797459457889,0.451,0.041,5.24891892317272e-31,1,emp
4.05315231548517e-35,0.53554750729782,0.401,0.024,5.43811446168646e-31,1,CG7888
4.24931764065762e-35,0.474956881614275,0.61,0.107,5.70130947847033e-31,1,Treh
4.26126395869766e-35,0.528738924066263,0.625,0.112,5.71733785338465e-31,1,Timp
4.30263116506487e-35,0.2818691643693,0.357,0.01,5.77284023416754e-31,1,sqa
4.78678776821977e-35,1.51821192277039,0.975,0.706,6.42243314862047e-31,1,rdgA
6.41255995524189e-35,0.286002739154686,0.379,0.017,8.60373169194804e-31,1,rgr
6.4550103932722e-35,0.333976813491382,0.668,0.127,8.66068744465331e-31,1,olf186-F
7.81894201447807e-35,0.618988352037146,0.347,0.007,1.04906745008252e-30,1,Ance-3
8.58569095333321e-35,0.754237372808588,0.578,0.097,1.15194215520872e-30,1,CG18067
9.03691429864137e-35,0.311631907786944,0.534,0.075,1.21248279144871e-30,1,CG12535
9.41964872310734e-35,0.378869106172064,0.419,0.032,1.26383426917931e-30,1,uif
1.09555908702171e-34,0.430710892320364,0.375,0.017,1.46991162705703e-30,1,cher
1.71817139583547e-34,0.742633171433765,0.473,0.054,2.30527056179245e-30,1,Sp1
1.73868134167185e-34,0.347609623586869,0.675,0.134,2.33278875612112e-30,1,CG5946
1.85953822930444e-34,0.880428107635234,0.899,0.341,2.49494244225776e-30,1,pyd
2.19470740850772e-34,0.517478747098741,0.422,0.034,2.94463892999481e-30,1,Drip
2.73661851777369e-34,0.262201671164093,0.43,0.036,3.67172106529696e-30,1,peb
2.91520927797742e-34,0.353438697723061,0.372,0.017,3.91133628826231e-30,1,CG1632
3.04518388699402e-34,0.329783153192641,0.444,0.041,4.08572322117988e-30,1,CG15118
3.38924354344076e-34,0.317345765640362,0.455,0.046,4.54734806223446e-30,1,red
4.11293266030214e-34,0.26204920341458,0.487,0.058,5.51832175032738e-30,1,Plp
4.24641187352481e-34,0.311264143455835,0.372,0.017,5.69741081070824e-30,1,ck
4.60189870896429e-34,0.604187912659158,0.852,0.238,6.17436749781739e-30,1,NK7.1
4.99405251702945e-34,0.503949258650642,0.668,0.141,6.70052026209841e-30,1,CG17108
5.54418996100179e-34,0.522795470186615,0.412,0.032,7.4386396706761e-30,1,CG14661
5.98436897551974e-34,0.399388402280034,0.332,0.005,8.02922785445483e-30,1,pot
6.23082264880526e-34,1.09984993329433,0.783,0.234,8.35989474790202e-30,1,lncRNA:CR43836
9.9978313881072e-34,0.73144022672481,0.881,0.273,1.34140903734234e-29,1,puc
1.04415674973401e-33,0.3244894074657,0.368,0.017,1.40094511111813e-29,1,bbg
1.06539450672378e-33,0.368037101239769,0.614,0.109,1.42943980967129e-29,1,mbf1
1.06688395312723e-33,0.284326018162479,0.469,0.054,1.43143819991081e-29,1,CG12945
1.15453137381293e-33,0.296869712599701,0.375,0.019,1.54903474424481e-29,1,CG12992
1.16080196081305e-33,0.27361565692071,0.39,0.024,1.55744799082286e-29,1,CG8086
1.84340863607894e-33,0.451462497161563,0.336,0.007,2.47330136702711e-29,1,Ugt49C1
1.93499232919955e-33,0.282550475981088,0.628,0.117,2.59617920808704e-29,1,CG17508
2.43544887040285e-33,0.378467893144883,0.31,0,3.26764174941951e-29,1,geko
2.76184773599935e-33,0.964813786360592,0.942,0.47,3.70557110739033e-29,1,mgl
2.95504021287957e-33,0.64372665905508,0.325,0.005,3.96477745362053e-29,1,CG42390
3.11011272789749e-33,0.399385007194736,0.365,0.017,4.17283824702006e-29,1,Eglp4
3.29266417754799e-33,0.33266353123494,0.386,0.024,4.41776752701614e-29,1,Cyp4p1
3.56990465995091e-33,0.305624085772352,0.751,0.18,4.78974108225614e-29,1,Mur2B
4.08952139620991e-33,0.516830768506836,0.614,0.119,5.48691085729484e-29,1,Nplp3
4.13848653817366e-33,0.603671999362651,0.39,0.027,5.5526073882676e-29,1,ImpL2
5.95158422599239e-33,0.286002979873431,0.383,0.024,7.98524055601399e-29,1,CG32638
6.96985998584256e-33,0.392358304527814,0.646,0.131,9.35146114300496e-29,1,DnaJ-1
7.11122320286465e-33,0.329373012617153,0.783,0.187,9.5411281712835e-29,1,Met
7.49156107393873e-33,0.272256739464108,0.361,0.017,1.00514274929036e-28,1,CG10550
8.00477725104529e-33,0.386656046337907,0.722,0.173,1.07400096377275e-28,1,vvl
8.57370391612057e-33,0.463329682031706,0.534,0.083,1.1503338544259e-28,1,CG12290
1.12977064185871e-32,0.42365186073851,0.458,0.054,1.51581327018184e-28,1,CG6870
1.14645512465679e-32,0.313250629396676,0.643,0.127,1.53819884075202e-28,1,Sar1
1.18688322929411e-32,0.328283014023484,0.657,0.134,1.59244122874391e-28,1,Pax
1.37443649016653e-32,0.370910955044843,0.542,0.088,1.84408143885644e-28,1,Cpr72Ec
1.6445593432283e-32,0.332777593683702,0.303,0,2.20650527080941e-28,1,CG5381
1.69316485403302e-32,0.747254752481612,0.769,0.221,2.2717192846561e-28,1,CG3961
1.91786649875312e-32,0.271449283173284,0.617,0.117,2.57320148137706e-28,1,Acf
1.95230915419405e-32,0.259338595978764,0.379,0.024,2.61941319218216e-28,1,GstE3
1.95246866681892e-32,0.34074712058135,0.31,0.002,2.61962721027094e-28,1,lncRNA:CR44111
1.97692870953001e-32,0.49589119562701,0.751,0.182,2.65244524957641e-28,1,kay
2.15141749699586e-32,0.321040567786232,0.31,0.002,2.88655685571935e-28,1,Cyp6v1
2.18647926316162e-32,0.28680583298665,0.31,0.002,2.93359922738394e-28,1,CG3902
2.19965438282145e-32,0.553575146114341,0.56,0.097,2.95127628543155e-28,1,Scp2
2.26247928681137e-32,0.320936559691122,0.567,0.097,3.03556845911482e-28,1,Pu
2.28372684753096e-32,0.279856792141344,0.426,0.041,3.06407631133229e-28,1,Rbm13
2.71352412325727e-32,0.279213033048394,0.318,0.005,3.64073531617428e-28,1,modSP
3.70094792682716e-32,0.466103021679622,0.773,0.197,4.965561833424e-28,1,RhoGEF2
4.44353687701756e-32,0.267823120752947,0.354,0.017,5.96189342789446e-28,1,CG17111
4.99010165452307e-32,0.396552242516735,0.671,0.146,6.6952193898736e-28,1,Kank
5.15230088893254e-32,0.278720450058774,0.347,0.015,6.91284210268078e-28,1,glob1
5.69988456004779e-32,0.312784312607727,0.307,0.002,7.64753511421611e-28,1,Ccdc85
6.29345659016062e-32,0.262846762608248,0.7,0.153,8.4439307070185e-28,1,chb
6.41684933258438e-32,0.325362110472318,0.675,0.144,8.60948674952846e-28,1,CG7766
6.60267214368312e-32,0.619128132987254,0.426,0.044,8.85880521517965e-28,1,wtrw
9.23322324220836e-32,0.298634491239159,0.336,0.012,1.2388215624071e-27,1,prom
9.58583056950502e-32,0.263770710908741,0.697,0.156,1.28613088751049e-27,1,sdk
9.73724315482284e-32,0.258707124429643,0.329,0.01,1.30644591408258e-27,1,CG18622
9.88379466179871e-32,0.280329301864483,0.466,0.058,1.32610872977353e-27,1,CG8475
1.0311161755031e-31,0.318722345724987,0.35,0.017,1.38344857267251e-27,1,out
1.04259053565656e-31,0.325078041131,0.379,0.027,1.39884372169041e-27,1,CG13377
1.17107210351614e-31,0.780672836561925,0.964,0.501,1.57122744128761e-27,1,CG17839
1.23314594285166e-31,0.266063499277641,0.343,0.015,1.65451191152407e-27,1,GstT4
1.36716248291752e-31,0.472569509596404,0.303,0.002,1.83432190333043e-27,1,Gasp
1.44805332629322e-31,0.404024763349471,0.747,0.18,1.94285314788761e-27,1,cno
1.52417307016217e-31,0.284824243200002,0.412,0.039,2.04498300823658e-27,1,Inx2
1.52434471330638e-31,0.759240729084411,0.78,0.229,2.04521330184317e-27,1,CG41520
1.69407085489376e-31,0.272311877196049,0.31,0.005,2.27293486601096e-27,1,CG15365
1.91877270227743e-31,0.355913717200023,0.383,0.029,2.57441733464562e-27,1,Idgf4
1.96932057366138e-31,0.373382580670552,0.318,0.007,2.64223741368148e-27,1,Tollo
2.16259379983524e-31,0.315202473044764,0.318,0.007,2.90155210123894e-27,1,sona
2.54615076706742e-31,0.301079485817093,0.354,0.019,3.41617048417435e-27,1,CG7878
3.53421091615963e-31,0.914445345162224,0.939,0.477,4.74185078621137e-27,1,CG5151
3.64956790358356e-31,0.290756749640165,0.408,0.039,4.89662525623806e-27,1,SP1029
3.75067627763778e-31,0.305698511310308,0.3,0.002,5.03228236170661e-27,1,yin
4.30604189994393e-31,0.284215412637861,0.545,0.092,5.77741641715477e-27,1,CG12163
4.35704752480956e-31,0.268734852481021,0.693,0.153,5.84585066403698e-27,1,emb
4.40623867764074e-31,0.280294291341143,0.639,0.131,5.91185043379058e-27,1,CG3764
5.11803740243538e-31,0.432109655789396,0.321,0.01,6.86687078284755e-27,1,CG15890
5.86703125827852e-31,0.280694466315544,0.386,0.032,7.87179583923229e-27,1,kar
7.8709960389173e-31,0.282108553971262,0.606,0.117,1.05605153854153e-26,1,Lpin
7.97353227239924e-31,0.789865679802232,0.917,0.457,1.06980882498781e-26,1,ct
8.96199225791572e-31,0.653070355832886,0.379,0.032,1.20243050124455e-26,1,Obp69a
9.4683575585023e-31,0.370531798132276,0.296,0.002,1.27036953362425e-26,1,e
9.68306211529934e-31,0.252005791930162,0.412,0.041,1.29917644400971e-26,1,CG17162
1.17426739847692e-30,0.742275429348697,0.899,0.35,1.57551456853648e-26,1,scyl
1.36406164666056e-30,0.250183797014887,0.31,0.007,1.83016151132447e-26,1,CG9372
1.45407301660786e-30,0.655415110475528,0.791,0.231,1.95092976638277e-26,1,cact
1.58281972061598e-30,0.367258031211467,0.451,0.058,2.12366921915046e-26,1,Arc1
1.63151365750671e-30,0.345339633552175,0.318,0.01,2.18900187427676e-26,1,CG5853
1.65666155825182e-30,0.366550289952142,0.318,0.01,2.22274281270647e-26,1,E(spl)mbeta-HLH
1.65902220288213e-30,0.447212275965996,0.819,0.236,2.22591008960696e-26,1,ASPP
1.85730703317052e-30,0.343486874322003,0.325,0.012,2.49194884640488e-26,1,lz
1.93688979796613e-30,0.25806020394043,0.361,0.024,2.59872504193116e-26,1,CG5597
2.44206086708558e-30,0.363015958589128,0.292,0.002,3.27651306536873e-26,1,Tsp5D
2.71924847842217e-30,0.2959607903853,0.516,0.085,3.64841568349903e-26,1,Inos
3.01090036679677e-30,0.342878470732995,0.3,0.005,4.03972502213122e-26,1,CG6429
3.09631496503811e-30,0.319515741510355,0.379,0.032,4.15432578859163e-26,1,Sobp
3.45171856213912e-30,0.294420812086732,0.437,0.054,4.63117079482205e-26,1,CG10433
3.48046105021675e-30,0.396098148268154,0.632,0.139,4.66973459107581e-26,1,CG32137
4.93024928228232e-30,0.27635872036968,0.329,0.015,6.61491546203819e-26,1,bark
5.59095648543431e-30,0.743622531644316,0.596,0.136,7.50138631650721e-26,1,ninaC
6.13271230276775e-30,0.438003447139421,0.289,0.002,8.22826009662349e-26,1,CG13606
6.2316684911919e-30,0.395329057106747,0.289,0.002,8.36102961463217e-26,1,rau
7.67250173925206e-30,0.332336661843678,0.296,0.005,1.02941955835545e-25,1,wgn
1.01704848788778e-29,0.253885484174388,0.668,0.148,1.36457395619904e-25,1,CrebB
1.22459482776861e-29,0.253151232100178,0.614,0.127,1.64303888041715e-25,1,Vps11
1.52041592979919e-29,0.257855537357418,0.632,0.134,2.03994205301158e-25,1,Pfk
1.55152591195929e-29,0.35260043286041,0.614,0.131,2.08168231607578e-25,1,Cys
1.56087991376387e-29,0.345322231015786,0.285,0.002,2.09423258029698e-25,1,CG32687
1.59874598521496e-29,0.386499888089462,0.285,0.002,2.14503748836292e-25,1,Proc-R
1.71971616613939e-29,0.460503649484413,0.292,0.005,2.30734318010922e-25,1,AdamTS-A
1.77088652762068e-29,0.36053768523024,0.404,0.044,2.37599845410867e-25,1,CG33521
2.08366551936574e-29,0.283540856478777,0.455,0.063,2.79565402733302e-25,1,IM4
2.39806863675699e-29,0.452737462925334,0.307,0.01,3.21748868993685e-25,1,Zasp66
3.07411004838975e-29,0.294432632064768,0.274,0,4.12453345192452e-25,1,Mipp1
3.44056269460004e-29,0.266199550960059,0.329,0.017,4.61620296734487e-25,1,CG7778
3.52649923164097e-29,0.282310633076845,0.812,0.251,4.73150401909268e-25,1,CG9650
3.55166132014707e-29,0.54120151071898,0.722,0.195,4.76526399324133e-25,1,PRL-1
4.39939323171127e-29,0.300368131517418,0.686,0.161,5.90266589898702e-25,1,SC35
5.67489639770632e-29,0.25602057204277,0.661,0.151,7.61400849680257e-25,1,Xbp1
5.82472140317318e-29,0.366389069469903,0.744,0.197,7.81502870663746e-25,1,CG6051
5.92255467059686e-29,0.260813281969688,0.542,0.1,7.9462916015398e-25,1,muc
7.46016922753967e-29,0.383649138571319,0.332,0.019,1.000930905259e-24,1,wupA
7.81449141169074e-29,0.282020893212005,0.697,0.173,1.04847031270655e-24,1,CG1358
1.57148974319171e-28,0.432820773821123,0.3,0.01,2.10846778844032e-24,1,Rh50
1.70033829397562e-28,0.409927025421992,0.794,0.229,2.28134388902708e-24,1,mld
1.7023134804544e-28,0.342534702493729,0.57,0.114,2.28399399672567e-24,1,ko
1.72847519342352e-28,0.419572215157481,0.787,0.229,2.31909516701634e-24,1,Pdfr
2.0455160534523e-28,0.729601605668684,0.884,0.336,2.74446888891695e-24,1,Svil
2.26643676745782e-28,0.33872694157665,0.274,0.002,3.04087821089816e-24,1,knrl
2.7968318691477e-28,0.60833272463549,0.917,0.36,3.75250931883548e-24,1,CG42674
2.97756354222072e-28,0.386021707727955,0.289,0.007,3.99499700459754e-24,1,CG42808
3.32491643448263e-28,0.26919884264972,0.628,0.139,4.46104038014534e-24,1,SERCA
3.67486837676699e-28,0.523519888425806,0.83,0.307,4.93057090110827e-24,1,scro
3.96135414178599e-28,0.518658686921967,0.769,0.224,5.31494885203426e-24,1,shn
4.1917055098035e-28,0.324884386037912,0.296,0.01,5.62401128250336e-24,1,CG1146
4.38577526311933e-28,0.285384175251546,0.296,0.01,5.88439467052721e-24,1,Buffy
5.37176171256347e-28,0.783383347106032,0.838,0.304,7.20729268974641e-24,1,nuf
5.6300665484097e-28,0.254233558439627,0.57,0.117,7.5538602880013e-24,1,Inx3
6.39035888321614e-28,0.26459944849741,0.365,0.034,8.5739445136111e-24,1,sals
6.53485679481897e-28,0.358782237006128,0.271,0.002,8.76781736160861e-24,1,CG42741
7.78842783148694e-28,0.522567390376336,0.859,0.299,1.0449733621506e-23,1,SoxN
7.80139605483813e-28,0.254328390391923,0.278,0.005,1.04671330867763e-23,1,drd
8.00443609457882e-28,0.364922765222532,0.473,0.075,1.07395519080964e-23,1,ND-SGDH
8.98816551925968e-28,0.304519124906632,0.3,0.012,1.20594216771907e-23,1,mwh
9.73487830122569e-28,0.34503092995806,0.292,0.01,1.30612862167545e-23,1,zyd
1.00763286587767e-27,0.55570944334973,0.43,0.061,1.35194101614806e-23,1,BomS2
1.03487054602163e-27,0.480390758843475,0.3,0.012,1.38848581159721e-23,1,slf
1.13480435588187e-27,0.475042014584303,0.484,0.085,1.5225670042867e-23,1,BomS3
1.54310990201131e-27,0.38705471055374,0.347,0.029,2.07039055552857e-23,1,Gat
1.8409955338274e-27,0.435936718256017,0.357,0.034,2.47006370773622e-23,1,Obp83b
1.95673911922721e-27,0.287362647583818,0.675,0.165,2.62535687626715e-23,1,CG14442
2.06589707428053e-27,0.253232231936908,0.386,0.044,2.77181410456219e-23,1,stops
2.21972054357494e-27,0.26540584634937,0.339,0.027,2.9781990533145e-23,1,Dl
2.37731758645823e-27,0.280389838707386,0.289,0.01,3.18964700575101e-23,1,hebe
3.20212004183765e-27,0.290825829182402,0.318,0.019,4.29628446013358e-23,1,CG1674
3.27990864988838e-27,0.795678761049394,0.321,0.022,4.40065343555524e-23,1,up
3.3634996537494e-27,0.277417750470754,0.415,0.056,4.51280748543557e-23,1,CG43897
3.4255809519896e-27,0.372335838620431,0.661,0.165,4.59610196328444e-23,1,rdgC
4.98419017328308e-27,0.347289536280757,0.733,0.195,6.68728795549391e-23,1,tmod
5.69193462531509e-27,0.394221015765893,0.292,0.012,7.63686868678525e-23,1,CG10345
7.3458295701468e-27,0.275723623501329,0.307,0.017,9.85589953426596e-23,1,Muc14A
7.83249907845379e-27,0.26924149667686,0.253,0,1.05088640135614e-22,1,Cks30A
8.26594089967259e-27,0.465731664400733,0.856,0.292,1.10904129050907e-22,1,aop
1.13069456532788e-26,0.277161920146742,0.267,0.005,1.51705289830042e-22,1,CG4797
1.13624105382124e-26,0.258446521999302,0.339,0.029,1.52449462191195e-22,1,mnd
1.15580463872317e-26,0.331139234258932,0.325,0.024,1.55074308377488e-22,1,CG6356
1.24634546303508e-26,0.688537052858116,0.859,0.311,1.67222170775417e-22,1,raw
1.29585655973433e-26,0.472404652658178,0.819,0.26,1.73865074619556e-22,1,emc
1.74528577778421e-26,0.282841152341295,0.303,0.017,2.34164992805308e-22,1,wb
1.75778501067963e-26,0.298461993021701,0.303,0.017,2.35842014882885e-22,1,CG14687
1.85475878408377e-26,0.605792092176053,0.44,0.071,2.48852986060519e-22,1,Listericin
1.93094527458306e-26,0.394103372374143,0.794,0.231,2.59074927490809e-22,1,PhKgamma
2.04174693285662e-26,0.387002925165614,0.48,0.088,2.73941185981372e-22,1,Wnt6
2.16886278787579e-26,0.876518329341021,0.906,0.433,2.90996320249294e-22,1,CLIP-190
2.52291079477372e-26,0.332963632445991,0.256,0.002,3.3849894133479e-22,1,CG16978
3.27038963989191e-26,0.629817290144688,0.989,0.837,4.38788177984298e-22,1,Prosap
3.4763362020671e-26,0.269263512188676,0.69,0.18,4.66420028231342e-22,1,Dad
3.71682389505381e-26,0.278886127913645,0.3,0.017,4.9868626199937e-22,1,sxe2
4.42927690147887e-26,0.908259674712061,0.946,0.569,5.9427608187142e-22,1,lqf
4.45346455109268e-26,0.44198208734304,0.823,0.263,5.97521338820105e-22,1,Dmtn
4.7342460437631e-26,0.282936532045484,0.3,0.017,6.35193791691695e-22,1,CG32091
5.2761842534389e-26,0.447056935232091,0.812,0.255,7.07905641283897e-22,1,tws
5.69480816407491e-26,0.302524547550929,0.347,0.034,7.6407241137393e-22,1,Ugt35B1
7.45036063139659e-26,0.354071181329683,0.758,0.212,9.9961488591448e-22,1,CG33298
7.86964865413929e-26,0.31305111683624,0.69,0.18,1.05587075992587e-21,1,CG42542
8.73840102643716e-26,0.515350207415998,0.267,0.007,1.17243126571707e-21,1,CG9572
1.61931204870686e-25,0.311132859997394,0.733,0.204,2.17263097574999e-21,1,fipi
2.10449724435022e-25,0.528772573446908,0.357,0.041,2.82360395274469e-21,1,CG5867
2.12214189840781e-25,0.533562931789831,0.83,0.319,2.84727778509376e-21,1,Bx
2.19190041077517e-25,0.622099629492334,0.278,0.012,2.94087278113705e-21,1,CG13003
2.20254949355161e-25,0.300526094958388,0.747,0.212,2.95516065549819e-21,1,fwd
2.45968943757589e-25,0.250363101673145,0.755,0.214,3.30016531839557e-21,1,path
3.8316804281082e-25,0.57499201924696,0.801,0.28,5.14096563039277e-21,1,Ttd14
4.6405128454434e-25,0.287943783689407,0.318,0.027,6.2261760847314e-21,1,Dfd
5.77811981346596e-25,0.418346558036022,0.386,0.054,7.75250335372728e-21,1,Sidpn
6.0247788784182e-25,0.391513121227247,0.805,0.243,8.0834458211737e-21,1,SelR
6.71164051931365e-25,0.700383435080182,0.57,0.146,9.00500808476312e-21,1,Hsp27
6.75491828372107e-25,0.617568118060881,0.718,0.229,9.06307386126856e-21,1,EbpIII
7.49687365446468e-25,0.717002183356339,0.848,0.314,1.00585553821953e-20,1,osp
7.8827377250817e-25,0.734170980483196,0.946,0.555,1.05762692057421e-20,1,jvl
8.17252859156914e-25,0.708431960563628,0.942,0.599,1.09650816113083e-20,1,Mob2
8.80348798895738e-25,0.615295136960995,0.325,0.032,1.18116398347841e-20,1,BomS1
1.00534341560864e-24,0.282427584727732,0.314,0.027,1.34886926072211e-20,1,CG44085
1.02289783618453e-24,0.34656682962654,0.769,0.224,1.37242202680879e-20,1,Mical
1.06249090669229e-24,0.654426881442887,0.946,0.528,1.42554404950905e-20,1,cdi
1.11423912306821e-24,0.400364350308751,0.798,0.253,1.49497463142062e-20,1,lncRNA:CR43651
1.15211945082555e-24,0.281675699479197,0.675,0.182,1.54579866717264e-20,1,Eaat2
1.4482955585759e-24,0.657351132250756,0.458,0.09,1.94317815094128e-20,1,Obp83a
1.87624964406296e-24,0.492481527186418,0.379,0.054,2.51736414743927e-20,1,Mlp60A
2.09761039424855e-24,0.647941843024848,0.957,0.616,2.81436386596328e-20,1,par-1
2.7422906166013e-24,0.312805314410466,0.718,0.207,3.67933132029397e-20,1,Kr-h1
4.09274222686376e-24,0.630817089541656,0.834,0.316,5.49123224578311e-20,1,CG3655
6.18227169479178e-24,0.616202175004775,0.852,0.316,8.29475393290213e-20,1,spir
7.85310797911866e-24,0.28499043523753,0.708,0.197,1.05365149755835e-19,1,alph
7.92679444748113e-24,0.338372068689787,0.971,0.786,1.06353801101854e-19,1,msi
8.8672662241769e-24,0.295014555635151,0.271,0.015,1.18972110929782e-19,1,GstE1
1.00882059928429e-23,0.488351816551933,0.801,0.265,1.35353459805973e-19,1,S
1.0888353860031e-23,0.444285209743617,0.336,0.039,1.46089043740036e-19,1,Obp28a
1.12138666346368e-23,0.266397430944385,0.733,0.209,1.50456448636921e-19,1,mys
1.22195153870609e-23,0.591508552384396,0.57,0.151,1.63949237948197e-19,1,Hsp68
1.23479728656008e-23,0.413295497926122,0.578,0.144,1.65672751937765e-19,1,CG8369
1.32205545309924e-23,0.251892101164781,0.751,0.224,1.77380180142325e-19,1,Rox8
1.40672899671859e-23,0.3521729652003,0.834,0.282,1.88740829489734e-19,1,ckn
1.57834974249821e-23,0.780221844412607,0.968,0.723,2.11767184950985e-19,1,CG46385
2.03484995176672e-23,0.368737034736469,0.838,0.292,2.73015818028541e-19,1,glec
2.05933616303518e-23,0.250204659875326,0.253,0.01,2.7630113299443e-19,1,fw
3.81745903340756e-23,0.64107921121604,0.888,0.387,5.12188478512293e-19,1,corto
6.22968618587146e-23,0.260511755965703,0.769,0.236,8.35836995558374e-19,1,dsd
1.0305821099602e-22,0.35697759275594,0.787,0.255,1.3827320169336e-18,1,Mhcl
1.137700172875e-22,0.645041658143899,0.408,0.075,1.52645232194639e-18,1,spok
1.5868630112971e-22,0.566529114681069,0.83,0.319,2.12909410225732e-18,1,MRP
1.94544600613228e-22,0.846412728260291,0.874,0.477,2.61020490642768e-18,1,Slob
1.95287230909255e-22,0.311283331830869,0.773,0.243,2.62016877710948e-18,1,Pde11
2.22726701473645e-22,0.438201379410891,0.928,0.421,2.98832415367189e-18,1,CG32521
2.36832620802183e-22,0.692805285377654,0.776,0.273,3.17758327330289e-18,1,Obp19d
2.60749623665653e-22,0.535989191726951,0.986,0.713,3.49847770072206e-18,1,shot
4.29959109834888e-22,0.622126881875736,0.968,0.64,5.76876137665469e-18,1,sima
4.59457482908949e-22,0.318491381625117,0.773,0.26,6.16454104818936e-18,1,CG10960
5.59086262214217e-22,0.251095762102742,0.812,0.263,7.50126038012814e-18,1,tkv
5.65514244267581e-22,0.691600044700602,0.877,0.375,7.58750461533813e-18,1,Doa
5.92481773050136e-22,0.258649382180156,0.282,0.024,7.94932794901368e-18,1,Hpd
8.21010049561272e-22,0.402625354649692,0.838,0.297,1.10154918349636e-17,1,Rala
8.46763582054533e-22,0.448009294490303,0.285,0.027,1.13610269804257e-17,1,Act57B
1.91120523520274e-21,0.254667832295967,0.722,0.231,2.56426406407152e-17,1,CenG1A
1.9902760886156e-21,0.635304360236574,0.928,0.491,2.67035342809555e-17,1,InR
2.77312912188621e-21,0.386856193315657,0.267,0.022,3.72070734283473e-17,1,ple
4.25150137105312e-21,0.374650634998733,0.845,0.333,5.70423938954197e-17,1,CG32982
4.81394498929539e-21,0.41134257838483,1,0.961,6.45886999213762e-17,1,Glut4EF
8.68001848704011e-21,0.262228091138833,0.783,0.265,1.16459808040617e-16,1,CG3726
9.05432185881619e-21,0.54081099387787,0.964,0.589,1.21481836379737e-16,1,CycG
1.24112544818996e-20,0.335842889889618,0.798,0.268,1.66521801383646e-16,1,Src42A
1.27424389538428e-20,0.260395569149657,0.755,0.238,1.70965303443709e-16,1,Atg8a
1.33034946937631e-20,0.954072266762184,0.935,0.73,1.7849298830622e-16,1,norpA
1.51424686292406e-20,0.295934094269323,0.87,0.348,2.03166501598522e-16,1,MYPT-75D
1.77274350200768e-20,0.308704534151983,0.791,0.27,2.3784899566437e-16,1,CG7029
5.19216690296785e-20,0.435449035347034,0.949,0.54,6.96633033371196e-16,1,lncRNA:CR46006
6.13212112314289e-20,0.83863984585739,0.982,0.844,8.22746691092082e-16,1,lncRNA:CR34335
6.61286928253103e-20,0.349589502940038,0.751,0.251,8.87248671637189e-16,1,Drat
8.02433024370709e-20,0.272067278582905,0.744,0.248,1.07662438879818e-15,1,Rgl
9.02646880140699e-20,0.330165786993841,0.863,0.321,1.21108131908478e-15,1,alphaTub84B
1.07357312973824e-19,0.327115565320952,0.83,0.29,1.4404130681698e-15,1,ens
1.17830542825986e-19,0.259185375635694,0.798,0.277,1.58093239309626e-15,1,Nedd4
1.23144459251727e-19,0.344005874681929,0.794,0.285,1.65222920978043e-15,1,sba
1.24338827178856e-19,0.35595158257422,0.996,0.971,1.66825404425871e-15,1,ps
1.255542267865e-19,0.39394263201339,0.993,0.934,1.68456106079448e-15,1,cpo
1.47896543111842e-19,0.480261056759804,0.975,0.718,1.98432791893158e-15,1,MESK2
1.51784552502118e-19,0.548124675086645,0.978,0.73,2.03649334092091e-15,1,Lk6
2.05616657194541e-19,0.541534494227123,0.874,0.384,2.75875868957916e-15,1,dally
3.03809646447434e-19,0.288200904116818,0.78,0.273,4.07621402638523e-15,1,Socs36E
3.13245506493627e-19,0.290262153286492,0.812,0.294,4.20281496062499e-15,1,CG13784
4.92622031641566e-19,0.686669991189668,0.329,0.056,6.60950979853489e-15,1,Os-C
4.99720305407337e-19,0.428132264640768,0.726,0.26,6.70474733765024e-15,1,CG43795
6.26069880484619e-19,0.260482048647875,0.762,0.263,8.39997958646214e-15,1,Slik
6.6674686909996e-19,0.389978089646435,0.834,0.311,8.94574274271416e-15,1,NAT1
7.31292531494623e-19,0.28756308363955,0.798,0.285,9.81175189506336e-15,1,l(1)G0289
1.01116033263897e-18,0.620303099627884,0.921,0.491,1.35667381830171e-14,1,Hex-A
2.35415363641653e-18,0.515344965297724,0.783,0.304,3.15856793398006e-14,1,CG46339
4.13471627354543e-18,0.608959403471775,0.39,0.085,5.5475488242159e-14,1,a10
5.69635424053297e-18,0.362942338275978,0.852,0.336,7.64279848452308e-14,1,CG14478
6.98106785609842e-18,0.38201796578293,0.838,0.331,9.36649874252725e-14,1,spri
7.25815379206469e-18,0.397564665265909,0.96,0.708,9.7382649428132e-14,1,hth
8.92909942009727e-18,0.265623805110684,0.765,0.27,1.19801726919445e-13,1,rgn
1.14533518553836e-17,0.320542022334367,0.596,0.2,1.53669621843682e-13,1,Hsp70Bc
1.20194643882238e-17,0.843545646739301,0.56,0.18,1.61265153696798e-13,1,Rh3
2.17517352213111e-17,0.544872125105311,0.841,0.397,2.91843031464331e-13,1,stv
2.36117097347674e-17,0.414762501383481,0.982,0.856,3.16798309511375e-13,1,bun
2.38235992656171e-17,0.466663752004455,0.816,0.348,3.19641231346784e-13,1,Pdk1
4.79180023670055e-17,0.442642203851867,0.939,0.504,6.42915837758112e-13,1,Snoo
4.96537776588898e-17,0.708730560773104,0.942,0.608,6.66204734849324e-13,1,Arr2
5.36380872543106e-17,0.46499281059601,0.917,0.489,7.19662216691085e-13,1,Fas2
5.86934602220877e-17,0.41527765945266,0.841,0.36,7.8749015579975e-13,1,conu
9.76744137823787e-17,0.311242628493746,0.394,0.097,1.31049760971818e-12,1,Rh4
2.62942935358509e-16,0.423056107621033,0.971,0.783,3.52790536370511e-12,1,psq
3.04889393736399e-16,0.355580061454635,0.816,0.316,4.09070099576127e-12,1,rhea
3.56522657900743e-16,0.265472479436187,0.271,0.044,4.78346450105427e-12,1,Obp56e
4.24078947987668e-16,0.47090721781137,0.928,0.521,5.68986724515054e-12,1,scrib
4.46546072876928e-16,0.394340185531485,0.903,0.394,5.99130865978974e-12,1,Su(Tpl)
6.35312769776387e-16,0.266038219250739,0.845,0.338,8.52399143208979e-12,1,Efa6
6.91829409858509e-16,0.268840275172211,0.823,0.343,9.28227519207161e-12,1,CG9171
7.98212738813245e-16,0.269862373771511,0.805,0.311,1.07096203166573e-11,1,nsl1
9.31972098155546e-16,0.273595520355674,0.895,0.409,1.2504269640953e-11,1,CG10543
9.73430694614483e-16,0.472434926150578,0.762,0.316,1.30605196296425e-11,1,gol
1.07614035207357e-15,0.409657945629123,0.989,0.81,1.44385751037711e-11,1,Eip75B
1.67430730740584e-15,0.291630585675279,0.653,0.26,2.24641811434642e-11,1,Hsp26
2.20001676789272e-15,0.448191695816027,0.964,0.635,2.95176249748166e-11,1,NFAT
2.4032353643761e-15,0.37970178203836,0.931,0.491,3.22442088838342e-11,1,ed
2.66984841285895e-15,0.505143370789205,0.917,0.589,3.58213561553286e-11,1,sky
5.27883707754757e-15,0.662237217423753,0.996,0.869,7.08261570694557e-11,1,ninaE
5.41934165839234e-15,0.322236500129149,0.874,0.416,7.27113070306501e-11,1,Dyrk2
8.39269248823242e-15,0.25624835938225,0.866,0.365,1.12604755114614e-10,1,lncRNA:CR43459
9.26714890080561e-15,0.43206266780689,0.986,0.791,1.24337336802109e-10,1,Syp
1.13742874004804e-14,0.289794762947151,0.845,0.358,1.52608814052246e-10,1,egh
1.76780639900064e-14,0.573554465324118,0.971,0.864,2.37186584553916e-10,1,Ggamma30A
2.1489233028626e-14,0.420363762604834,0.939,0.56,2.88321039545074e-10,1,SNF4Agamma
2.27995151981575e-14,0.470741241000139,0.935,0.669,3.05901095413679e-10,1,DIP-lambda
2.88696930790071e-14,0.373024767734329,0.921,0.513,3.87344672041039e-10,1,Nrg
3.00381120158677e-14,0.443150989687743,0.874,0.428,4.03021348916897e-10,1,CG12991
3.26031775177535e-14,0.275539018948012,0.931,0.569,4.37436832755698e-10,1,kirre
4.90938496272482e-14,0.334533369982727,0.819,0.328,6.58692180448789e-10,1,CG2082
5.03703228850719e-14,0.347013523759664,0.982,0.764,6.75818622149009e-10,1,mtgo
5.83536635116479e-14,0.347504711912896,0.903,0.472,7.82931103335779e-10,1,REPTOR
5.96733472565869e-14,0.478431670827694,0.921,0.591,8.00637300141626e-10,1,Gprk2
6.41572166109168e-14,0.45479260583683,0.964,0.679,8.6079737526867e-10,1,klar
8.72745202643729e-14,0.359883225967695,0.935,0.526,1.17096223838709e-09,1,trx
8.79129099118325e-14,0.371002527664937,0.863,0.397,1.17952751228706e-09,1,Frl
1.19492710379353e-13,0.296810147391387,0.852,0.384,1.60323369515977e-09,1,Prps
1.66337462861766e-13,0.258658945115637,0.834,0.353,2.23174973921632e-09,1,RpL5
1.77225889540527e-13,0.411423924812969,0.906,0.562,2.37783975996525e-09,1,Octbeta2R
4.48559247628477e-13,0.28875745366279,0.903,0.45,6.01831942543127e-09,1,CG32647
4.56933121064843e-13,0.380601727375873,0.931,0.56,6.13067168532700e-09,1,Oda
6.66566196813436e-13,0.327224412021327,0.993,0.932,8.94331866264587e-09,1,aqz
8.35332646416526e-13,0.252155601059248,0.942,0.526,1.12076581169705e-08,1,kek5
8.53744191171309e-13,0.428879016825616,0.903,0.557,1.14546858129455e-08,1,Hsp83
9.87916893750523e-13,0.376578774820471,0.253,0.054,1.32548809634508e-08,1,Rh2
1.25112627427952e-12,0.408222919440909,0.989,0.905,1.67863612220084e-08,1,Msp300
1.31133926633684e-12,0.302202389964928,0.874,0.436,1.75942389364414e-08,1,app
2.20806936569989e-12,0.386278392126009,0.946,0.64,2.96256666795955e-08,1,CtBP
2.71223990052378e-12,0.667607714250761,0.942,0.74,3.63901227453276e-08,1,lovit
3.75005954188179e-12,0.344494420976385,0.903,0.491,5.03145488734279e-08,1,lilli
3.96562633398752e-12,0.39428213756191,0.917,0.547,5.32068085231106e-08,1,CG45050
5.35411224855483e-12,0.282053472455682,0.906,0.45,7.18361240388601e-08,1,tna
5.5963644786083e-12,0.301023059762057,0.942,0.54,7.50864222094875e-08,1,Blimp-1
5.71804129371608e-12,0.353136809853353,0.946,0.594,7.67189600377887e-08,1,Tm1
6.42801174874465e-12,0.355805014236142,0.924,0.569,8.62446336329069e-08,1,Pka-C1
7.15135298327156e-12,0.396680083315065,0.946,0.645,9.59497029765545e-08,1,flw
1.07428565519234e-11,0.281642940963284,0.91,0.448,1.44136906357157e-07,1,l(3)L1231
4.24379578573424e-11,0.338325588502963,0.892,0.455,5.69390080571963e-07,1,CG31145
6.63906896885868e-11,0.277840313260264,0.903,0.496,8.9076388355177e-07,1,DOR
2.20908470194211e-10,0.287616682817581,0.953,0.672,2.96392894459573e-06,1,RhoGAP19D
7.08700751970587e-10,0.32650323075057,0.899,0.523,9.50863798918936e-06,1,CG33144
8.71416828969511e-10,0.258625303322381,0.877,0.445,1.16917995942839e-05,1,Ptp10D
9.10552670955771e-10,0.261584281969873,0.874,0.489,1.22168851862136e-05,1,CG32369
1.07692579895987e-09,0.466414172061047,0.906,0.562,1.44491134446446e-05,1,mt:lrRNA
1.17174556550533e-09,0.516536597269305,0.635,0.338,1.5721310252385e-05,1,lncRNA:alphagamma-element:CR32865
1.39077625967169e-09,0.311921659070368,0.975,0.764,1.86600450760151e-05,1,gish
2.22408335167038e-09,0.27017676379382,0.989,0.754,2.98405263293615e-05,1,tai
2.43648211967783e-09,0.294025683221862,0.928,0.591,3.26902805997174e-05,1,CG32486
3.488322427055e-09,0.288420007755146,0.968,0.684,4.68028220037969e-05,1,Nipped-B
8.39411247855025e-09,0.316491469818827,0.903,0.479,0.000112623807124709,1,raskol
1.06467348775212e-08,0.266194807331293,0.975,0.766,0.000142847241851703,1,Syx1A
2.21983371581897e-08,0.289213636948303,0.895,0.504,0.000297835089651432,1,siz
1.28440831561462e-06,0.259480790898351,0.903,0.569,0.0172329063706013,1,Arr1
1.09324728737203e-25,1.28157304982264,0.969,0.904,1.46680988546705e-21,2,CG41378
2.31465935878543e-24,1.8190785837574,0.856,0.393,3.10557846168242e-20,2,lncRNA:alphagamma-element:CR32865
9.0286804634221e-16,1.89826467622806,0.691,0.374,1.21137805777734e-11,2,Hsp26
3.01394492032536e-15,1.1765644915327,0.835,0.533,4.04380989960054e-11,2,stv
3.42087334176622e-15,1.94387948625499,0.546,0.24,4.58978576264774e-11,2,Hsp70Ab
1.96088484340915e-14,1.49040440075492,0.732,0.509,2.63091919440206e-10,2,Scp1
3.66933214782253e-14,1.13848631005638,0.887,0.665,4.92314294273348e-10,2,Hsp83
3.96233771985039e-13,1.68109656884279,0.536,0.24,5.31626851872327e-09,2,Hsp23
1.62296213955056e-12,0.457074366637859,0.979,0.975,2.17752830263499e-08,2,CG17684
3.39788978604006e-10,1.14824197658872,0.68,0.506,4.55894872592994e-06,2,Hsc70Cb
5.05115298410597e-10,1.32182870861965,0.567,0.325,6.77713195877498e-06,2,Hsp70Bc
5.40711051911832e-10,0.65510544986808,0.948,0.949,7.25472018350106e-06,2,Gprk1
6.07312753573666e-09,0.489429064462093,0.948,0.919,8.14831521469787e-05,2,CG40498
7.13222328577653e-09,0.396852945243884,0.99,0.985,9.56930398252637e-05,2,Snap25
7.74561829727176e-09,0.59095897363629,0.907,0.902,0.000103922960694495,2,nAChRalpha4
2.33117544048739e-08,1.24434332422307,0.608,0.433,0.000312773808850193,2,WDY
6.43052492440117e-08,0.37929060081072,1,0.97,0.000862783529106905,2,CaMKII
1.08239683295297e-07,1.0218537868457,0.742,0.618,0.001452251830773,2,Tg
1.37016663486172e-07,0.43393065774535,0.969,0.915,0.00183835257399397,2,sif
3.21634454711241e-07,0.480416467730899,0.856,0.858,0.00431536947886072,2,CG11155
6.06578522559834e-07,0.39825119827094,0.99,0.981,0.0081384640371853,2,pan
7.17557433589921e-07,0.365660568697098,0.969,0.936,0.00962746808647597,2,fne
2.65295244183364e-06,0.873125827397537,0.948,0.897,0.0355946629120819,2,Myo81F
